metric;min;Q1;median;Q3;max;mean;std;count
mse;511.830605;535.126140;542.867415;556.088717;620.871777;546.593330;22.534513;50
dssim;0.260763;0.270063;0.274552;0.279844;0.296307;0.275567;0.007137;50
lbp_distance;0.044222;0.069502;0.078757;0.088845;0.105319;0.078216;0.014502;50
